BH curve,
,
Nombre:,M19_29G
,
H,B
0,0
22.28,0.05
25.46,0.1
31.83,0.15
47.74,0.36
63.66,0.54
79.57,0.65
159.15,0.99
318.3,1.2
477.46,1.28
636.61,1.33
795.77,1.36
1591.5,1.44
3183,1.52
4774.6,1.58
6366.1,1.63
7957.7,1.67
15915,1.8
31830,1.9
111407,2
190984,2.1
350138,2.3
509252,2.5
560177.2,2.563994494
1527756,3.779884494
